num_layers,learning_rate,batch_size,dropout_percent,weight_decay,feature_count,final_train_loss,final_test_loss,final_train_r2,final_test_r2,final_train_mae,final_test_mae,window_size
3,5e-05,64,0.5,0.002,0,3.818393445014954,3.9002248302102087,0.54264677,0.45979404,1.52026,1.446414,20
3,5e-05,64,0.6,0.002,0,3.936592862606048,3.3649295918643474,0.5292874,0.5119368,1.5917733,1.387587,20
3,5e-05,64,0.5,0.003,0,2.8257689738273624,3.3826545335352423,0.6585324,0.50988996,1.3476204,1.3468349,20
3,5e-05,64,0.6,0.003,0,4.362433798313141,4.2575568906962875,0.47674245,0.42297545,1.6809778,1.5194738,20
3,5e-05,128,0.5,0.002,0,3.609804594516754,5.5830096244812015,0.572423,0.4590034,1.4793124,1.4491084,20
3,5e-05,128,0.6,0.002,0,4.7886869271596275,6.379067873954773,0.44232744,0.38186488,1.7045536,1.6230885,20
3,5e-05,128,0.5,0.003,0,4.5517583409945175,6.200581121444702,0.45426306,0.39916033,1.6815186,1.5934414,20
3,5e-05,128,0.6,0.003,0,4.676423641045888,5.494737184047699,0.4393478,0.46755704,1.711714,1.5546088,20
