num_layers,learning_rate,batch_size,dropout_percent,weight_decay,feature_count,final_train_loss,final_test_loss,final_train_r2,final_test_r2,final_train_mae,final_test_mae,window_size
2,2e-05,32,0.5,0.001,35,5.790674767494201,5.296460676193237,0.31356984,0.4209041,1.8728691,1.7361606,20
2,2e-05,64,0.5,0.001,35,5.857857358455659,5.572657859325409,0.29821876,0.35964525,1.9045407,1.9351146,20
3,2e-05,32,0.5,0.001,35,4.475069631934165,4.484884121020635,0.46543464,0.4873731,1.6723537,1.4866335,20
3,2e-05,64,0.5,0.001,35,4.628795025348664,3.8907697051763535,0.44250888,0.47729483,1.6997299,1.5036826,20
